therapy_identity_final,trial_count,pair_count,source_label_count,mechanism_superfamily_final,mechanism_family_final,molecular_targets,mechanism_action,modality,agonist_order,incretin_based,identity_classification_state,has_mapping_conflict,mapping_conflict_detail
semaglutide,145,147,4,Incretin-based,GLP-1,GLP1R,GLP-1 receptor agonist,peptide,mono,True,VERIFIED,False,
tirzepatide,91,91,1,Incretin-based,GLP-1/GIP,GLP1R; GIPR,Dual GLP-1/GIP receptor agonist,peptide,dual,True,VERIFIED,False,
liraglutide,59,59,1,Incretin-based,GLP-1,GLP1R,GLP-1 receptor agonist,peptide,mono,True,VERIFIED,False,
cagrilintide,29,30,3,Amylin-based,amylin,AMY1R; AMY2R; AMY3R; CTR,Long-acting amylin/calcitonin receptor agonist,peptide,multi,False,VERIFIED,False,
naltrexone + bupropion,24,24,1,CNS/appetite,opioid + catecholamine,OPRM1; NET/DAT pathways,Opioid receptor antagonism plus noradrenergic/dopaminergic appetite modulation,small-molecule combination,,False,VERIFIED,False,
zenagamtide,22,22,1,Incretin + amylin,GLP-1/amylin,GLP1R; amylin receptors; CTR,"Unimolecular GLP-1, amylin and calcitonin receptor agonist",peptide,multi,True,VERIFIED,False,
maridebart cafraglutide,21,21,1,Incretin-based,GLP-1 agonism + GIP antagonism,GLP1R; GIPR,GLP-1 receptor agonism plus GIP receptor antagonism,antibody-peptide conjugate,,True,VERIFIED,False,
orforglipron,21,21,1,Incretin-based,GLP-1,GLP1R,GLP-1 receptor agonist,small molecule,mono,True,VERIFIED,False,
eloralintide,19,19,1,Amylin-based,amylin,AMY1R (preferential); AMY3R; CTR,"Selective amylin receptor agonist, preferential for AMY1R",peptide,multi,False,VERIFIED,False,
mazdutide,18,18,1,Incretin-based,GLP-1/glucagon,GLP1R; GCGR,Dual GLP-1/glucagon receptor agonist,peptide,dual,True,VERIFIED,False,
ribupatide,18,18,1,Incretin-based,GLP-1/GIP,GLP1R; GIPR,Dual GLP-1/GIP receptor agonist,peptide,dual,True,VERIFIED,False,
retatrutide,15,15,1,Incretin-based,GLP-1/GIP/glucagon,GLP1R; GIPR; GCGR,Triple GLP-1/GIP/glucagon receptor agonist,peptide,triple,True,VERIFIED,False,
bofanglutide,14,14,3,Incretin-based,GLP-1,GLP1R,Long-acting GLP-1 receptor agonist,peptide,mono,True,VERIFIED,False,
phentermine + topiramate,14,14,1,CNS/appetite,sympathomimetic + anticonvulsant,monoaminergic pathways; GABA/glutamate pathways,Appetite suppression through complementary CNS mechanisms,small-molecule combination,,False,VERIFIED,False,
setmelanotide,14,14,1,Melanocortin,MC4R,MC4R,Melanocortin-4 receptor agonist,peptide,mono,False,VERIFIED,False,
berobenatide,13,13,1,Incretin-based,GLP-1,GLP1R,Long-acting biased GLP-1 receptor agonist,peptide,mono,True,VERIFIED,False,
metformin,13,13,1,Metabolic/energy expenditure,insulin sensitisation/metabolic,mitochondrial complex I; AMPK-associated pathways,Pleiotropic insulin-sensitising and metabolic effects,small molecule,,False,VERIFIED,False,
phentermine,13,13,1,CNS/appetite,sympathomimetic,noradrenergic/monoaminergic pathways,Sympathomimetic appetite suppression,small molecule,,False,VERIFIED,False,
ecnoglutide,12,12,2,Incretin-based,GLP-1,GLP1R,cAMP-biased GLP-1 receptor agonist,peptide,mono,True,VERIFIED,False,
bgm0504,10,13,6,Incretin-based,GLP-1/GIP,GLP1R; GIPR,Dual GLP-1/GIP receptor agonist,peptide,dual,True,VERIFIED,False,
survodutide,10,10,1,Incretin-based,GLP-1/glucagon,GLP1R; GCGR,Dual GLP-1/glucagon receptor agonist,peptide,dual,True,VERIFIED,False,
poterepatide,9,9,1,Incretin-based,GLP-1/GIP,GLP1R; GIPR,Dual GLP-1/GIP receptor agonist,peptide,dual,True,VERIFIED,False,
exenatide,8,9,4,Incretin-based,GLP-1,GLP1R,GLP-1 receptor agonist,peptide,mono,True,VERIFIED,False,
mwn109,8,8,1,Incretin-based,GLP-1/GIP/glucagon,GLP1R; GIPR; GCGR,Triple GLP-1/GIP/glucagon receptor agonist,peptide,triple,True,VERIFIED,False,
vct220,8,8,4,Incretin-based,GLP-1,GLP1R,GLP-1 receptor agonist,small molecule,mono,True,VERIFIED,False,
azd6234,7,7,1,Amylin-based,amylin,amylin receptors,Selective amylin receptor agonist,peptide,multi,False,VERIFIED,False,
cagrilintide + semaglutide,7,7,1,Incretin + amylin,amylin + GLP-1 combination,AMY1R/AMY2R/AMY3R; CTR; GLP1R,Combination of amylin-receptor agonism and GLP-1 receptor agonism,peptide combination,combination,True,VERIFIED,False,
danuglipron,7,7,1,Incretin-based,GLP-1,GLP1R,GLP-1 receptor agonist,small molecule,mono,True,VERIFIED,False,
hrs-7535,7,7,2,Incretin-based,GLP-1,GLP1R,GLP-1 receptor agonist,small molecule,mono,True,VERIFIED,False,
orlistat,7,7,1,GI nutrient absorption,lipase inhibition,gastric and pancreatic lipases,Gastrointestinal lipase inhibitor reducing dietary fat absorption,small molecule,,False,VERIFIED,False,
ubt251,7,7,1,Incretin-based,GLP-1/GIP/glucagon,GLP1R; GIPR; GCGR,Triple GLP-1/GIP/glucagon receptor agonist,peptide,triple,True,VERIFIED,False,
aleniglipron,6,6,1,Incretin-based,GLP-1,GLP1R,Biased GLP-1 receptor agonist,small molecule,mono,True,VERIFIED,False,
oxytocin,6,6,2,Oxytocin,oxytocin receptor,OXTR,Oxytocin receptor agonist,peptide,mono,False,VERIFIED,False,
petrelintide,6,6,2,Amylin-based,amylin,amylin receptors; CTR,Long-acting human amylin analogue,peptide,multi,False,VERIFIED,False,
zovaglutide,6,6,2,Incretin-based,GLP-1,GLP1R,Ultra-long-acting GLP-1 receptor agonist,peptide,mono,True,VERIFIED,False,
da-302168s,5,5,1,Incretin-based,GLP-1,GLP1R,GLP-1 receptor agonist,small molecule,mono,True,VERIFIED,False,
efsubaglutide alfa,5,5,1,Incretin-based,GLP-1,GLP1R,Long-acting GLP-1 receptor agonist,Fc-fusion protein,mono,True,VERIFIED,False,
hsg4112,5,5,1,Metabolic/energy expenditure,energy expenditure,molecular target not established,Increases energy expenditure with secondary reduction in food intake,small molecule,,False,VERIFIED,False,
lisdexamfetamine,5,5,1,CNS/appetite,catecholaminergic,DAT/NET pathways via dextroamphetamine,Prodrug stimulant increasing central catecholaminergic signalling,small molecule,,False,VERIFIED,False,
macupatide,5,5,2,Incretin-based,GIP,GIPR,Long-acting GIP receptor agonist,large-molecule biologic,mono,True,VERIFIED,False,
nnc0662-0419,5,5,1,Undisclosed / insufficient public information,Undisclosed,,,,,,UNRESOLVED_PUBLIC_INFO,False,
olatorepatide,5,6,4,Incretin-based,GLP-1/GIP,GLP1R; GIPR,Dual GLP-1/GIP receptor agonist,peptide,dual,True,VERIFIED,False,
bimagrumab,4,4,1,Lean-mass preservation,activin receptor blockade,ActRIIA; ActRIIB,Activin type II receptor-blocking antibody,monoclonal antibody,,False,VERIFIED,False,
bupropion,4,4,1,CNS/appetite,catecholaminergic,NET; DAT,Norepinephrine/dopamine reuptake inhibition,small molecule,,False,VERIFIED,False,
dapagliflozin,4,4,3,Renal/glucose transport,SGLT2,SLC5A2 (SGLT2),SGLT2 inhibition,small molecule,,False,VERIFIED,False,
hdm1002,4,5,4,Incretin-based,GLP-1,GLP1R,Selective cAMP-biased GLP-1 receptor agonism,small molecule,mono,True,VERIFIED,False,
licogliflozin,4,4,1,Renal/glucose transport,SGLT1/2,SLC5A1 (SGLT1); SLC5A2 (SGLT2),Dual sodium-glucose cotransporter 1/2 inhibitor,small molecule,,False,VERIFIED,False,
lorcaserin,4,4,1,CNS/appetite,serotonergic appetite,HTR2C (5-HT2C),5-HT2C receptor agonist,small molecule,mono,False,VERIFIED,False,
mdr-001,4,4,1,Incretin-based,GLP-1,GLP1R,Biased selective GLP-1 receptor agonist,small molecule,mono,True,VERIFIED,False,
naperiglipron,4,4,1,Incretin-based,GLP-1,GLP1R,GLP-1 receptor agonist,small molecule,mono,True,VERIFIED,False,
nnc0519-0130,4,4,1,Undisclosed / insufficient public information,Undisclosed,,,,,,UNRESOLVED_PUBLIC_INFO,False,
ray1225,4,4,1,Incretin-based,GLP-1/GIP,GLP1R; GIPR,Biased dual GLP-1/GIP receptor agonist,peptide,dual,True,VERIFIED,False,
ro7795081,4,4,2,Incretin-based,GLP-1,GLP1R,cAMP-biased GLP-1 receptor agonism,small molecule,mono,True,VERIFIED,False,
topiramate,4,4,1,CNS/appetite,anticonvulsant/appetite,GABA-A; AMPA/kainate; carbonic anhydrase (pleiotropic),Pleiotropic CNS appetite-modulating effects,small molecule,,False,VERIFIED,False,
unspecified GLP-1 receptor agonist,4,4,3,Incretin-based,GLP-1,GLP1R,GLP-1 receptor agonism,unspecified,mono,True,VERIFIED,False,
EMP16 (orlistat + acarbose),3,4,3,GI nutrient absorption,lipase + carbohydrate-digestion inhibition,gastric/pancreatic lipases; intestinal alpha-glucosidases/amylase,Modified-release combination reduces fat absorption and delays carbohydrate digestion,small-molecule combination/formulation,,False,VERIFIED,False,
azd9550,3,3,1,Incretin-based,GLP-1/glucagon,GLP1R; GCGR,Dual GLP-1/glucagon receptor agonist,peptide,dual,True,VERIFIED,False,
benaglutide,3,3,2,Incretin-based,GLP-1,GLP1R,GLP-1 receptor agonist,peptide,mono,True,VERIFIED,False,
bi 3034701,3,3,1,Incretin-based,GLP-1/GIP/NPY2,GLP1R; GIPR; NPY2R,Triple GLP-1/GIP/NPY2 receptor agonist,peptide,triple,True,VERIFIED,False,
bivamelagon,3,3,2,Melanocortin,MC4R,MC4R,Melanocortin-4 receptor agonist,small molecule,mono,False,VERIFIED,False,
dapagliflozin + metformin,3,3,3,Metabolic combination,SGLT2 + biguanide,SLC5A2 (SGLT2); mitochondrial/AMPK-associated metformin pathways,Combined SGLT2 inhibition and metformin insulin-sensitising/metabolic effects,small-molecule combination,combination,False,VERIFIED,False,
dulaglutide,3,3,1,Incretin-based,GLP-1,GLP1R,GLP-1 receptor agonist,Fc-fusion protein,mono,True,VERIFIED,False,
elecoglipron,3,3,2,Incretin-based,GLP-1,GLP1R,GLP-1 receptor agonist,small molecule,mono,True,VERIFIED,False,
empagliflozin,3,3,1,Renal/glucose transport,SGLT2,SLC5A2 (SGLT2),SGLT2 inhibitor,small molecule,,False,VERIFIED,False,
enicepatide,3,3,1,Incretin-based,GLP-1/GIP,GLP1R; GIPR,Dual GLP-1/GIP receptor agonist,peptide,dual,True,VERIFIED,False,
hrs-4729,3,3,1,Incretin-based,GLP-1/GIP/glucagon,GLP1R; GIPR; GCGR,Triple GLP-1/GIP/glucagon receptor agonist,peptide,triple,True,VERIFIED,False,
hu6,3,3,1,Metabolic/energy expenditure,mitochondrial uncoupling,mitochondrial proton gradient / oxidative phosphorylation,Controlled mitochondrial uncoupling increases resting energy expenditure and fat oxidation,small molecule,,False,VERIFIED,False,
jnj-64565111,3,7,4,Incretin-based,GLP-1/glucagon,GLP1R; GCGR,Dual GLP-1/glucagon receptor agonist,peptide,dual,True,VERIFIED,False,
lotiglipron,3,3,1,Incretin-based,GLP-1,GLP1R,GLP-1 receptor agonist,small molecule,mono,True,VERIFIED,False,
tg103,3,3,1,Incretin-based,GLP-1,GLP1R,Long-acting GLP-1 receptor agonist,Fc-fusion protein,mono,True,VERIFIED,False,
ASC30,2,2,1,Incretin-based,GLP-1,GLP1R,Fully biased GLP-1 receptor agonist without β-arrestin recruitment,small molecule,mono,True,VERIFIED,False,
AZD6234 + AZD9550,2,2,2,Incretin + amylin,amylin + GLP-1/glucagon combination,amylin receptors; GLP1R; GCGR,Combination of selective amylin-receptor agonism with dual GLP-1/glucagon agonism,peptide combination,combination,True,VERIFIED,False,
K-757 + K-833,2,2,1,GI/pancreatic nutrient sensing,GPR40 + GPR119,FFAR1 (GPR40); GPR119,Combined GPR40 and GPR119 agonism enhances endogenous incretin and insulin secretion through complementary nutrient-sensing pathways,small-molecule combination,combination,False,VERIFIED,False,
KD101,2,2,1,Metabolic/energy expenditure,energy metabolism,direct molecular target not publicly established,Promotes energy metabolism without primary appetite suppression,small molecule / purified natural-product-derived compound,,False,VERIFIED,False,
MET233,2,2,1,Amylin-based,amylin,amylin receptors,Ultra-long-acting amylin receptor agonist,peptide,multi,False,VERIFIED,False,
MK-3655,2,2,1,Metabolic/FGF21 pathway,FGFR1c/beta-Klotho,FGFR1c; KLB,Agonistic antibody selectively activating the beta-Klotho/FGFR1c complex,monoclonal antibody,,False,VERIFIED,False,
MWN105,2,2,1,Incretin + metabolic/hepatokine,GLP-1/GIP/FGF21,GLP1R; GIPR; FGFR1c/β-Klotho pathway,"Unimolecular activation of GLP-1, GIP and FGF21 pathways",multi-domain biologic,multi,True,VERIFIED,False,
NA-931,2,2,1,Incretin + growth-factor,IGF-1/GLP-1/GIP/glucagon,IGF1R pathway; GLP1R; GIPR; GCGR,"Quadruple IGF-1, GLP-1, GIP and glucagon pathway agonism",multi-agonist biologic,quadruple,True,VERIFIED,False,
NNC0165-1562,2,2,1,CNS/appetite,PYY,NPY2R-dominant PYY pathway,Long-acting peptide YY analogue,peptide,mono,False,VERIFIED,False,
NNC9204-0530,2,2,1,Glucagon pathway,glucagon,GCGR,Glucagon receptor agonist,peptide,mono,False,VERIFIED,False,
NNC9204-1177,2,2,1,Incretin-based,GLP-1/glucagon,GLP1R; GCGR,Dual GLP-1/glucagon receptor agonist,peptide,dual,True,VERIFIED,False,
NT-0796,2,2,1,Inflammation/metabolic,NLRP3 inflammasome,NLRP3,NLRP3 inflammasome inhibitor,small molecule,,False,VERIFIED,False,
PF-07976016,2,2,1,Undisclosed / insufficient public information,Undisclosed,,,,,,UNRESOLVED_PUBLIC_INFO,False,
PG-102,2,2,1,Incretin-based,GLP-1/GLP-2,GLP1R; GLP2R,Bispecific dual GLP-1/GLP-2 receptor agonist,Fc-fusion protein,dual,True,VERIFIED,False,
RGT-075,2,2,1,Incretin-based,GLP-1,GLP1R,Full GLP-1 receptor agonist,small molecule,mono,True,VERIFIED,False,
S-309309,2,2,1,GI nutrient absorption/metabolism,MGAT2 inhibition,MOGAT2 (MGAT2),Monoacylglycerol acyltransferase-2 inhibitor,small molecule,,False,VERIFIED,False,
SYH2069,2,2,1,Incretin-based,GLP-1/GIP,GLP1R; GIPR,Dual-biased GLP-1/GIP receptor agonist,peptide,dual,True,VERIFIED,False,
SYH2082,2,2,1,Incretin-based,GLP-1/GIP,GLP1R; GIPR,Long-acting dual GLP-1/GIP receptor agonist,peptide,dual,True,VERIFIED,False,
THDBH120,2,2,1,Incretin-based,GLP-1/GIP,GLP1R; GIPR,Long-acting dual GLP-1/GIP receptor agonist,peptide,dual,True,VERIFIED,False,
TQF3250,2,2,1,Undisclosed / insufficient public information,Undisclosed,,,,,,UNRESOLVED_PUBLIC_INFO,False,
ZT006,2,2,1,Incretin-based,GLP-1,GLP1R,GLP-1 receptor agonist,oral peptide,mono,True,VERIFIED,False,
abbv-295,2,2,1,Amylin-based,amylin,amylin receptors,Long-acting amylin analogue,peptide,multi,False,VERIFIED,False,
ard-101,2,2,1,GI/CNS gut-brain appetite,TAS2R bitter-taste receptor,TAS2R family,Gut-restricted bitter-taste receptor agonism modulating hunger/satiety via gut-brain signalling,small molecule,,False,VERIFIED,False,
bgm1812,2,2,1,Amylin-based,amylin/calcitonin,amylin receptors; CTR,Dual amylin and calcitonin receptor agonist (DACRA),peptide,dual,False,VERIFIED,False,
bi 1820237,2,2,1,CNS/appetite,NPY2,NPY2R,Long-acting NPY2 receptor agonist,peptide,mono,False,VERIFIED,False,
cotadutide,2,2,1,Incretin-based,GLP-1/glucagon,GLP1R; GCGR,Dual GLP-1/glucagon receptor agonist,peptide,dual,True,VERIFIED,False,
cpx101,2,2,1,Undisclosed / insufficient public information,Undisclosed,,,,,,UNRESOLVED_PUBLIC_INFO,False,
cs0159,2,2,1,Undisclosed / insufficient public information,Undisclosed,,,,,,UNRESOLVED_PUBLIC_INFO,False,
dapiglutide,2,2,1,Incretin-based,GLP-1/GLP-2,GLP1R; GLP2R,Dual GLP-1/GLP-2 receptor agonist,peptide,dual,True,VERIFIED,False,
emugrobart,2,2,1,Lean-mass preservation,myostatin blockade,MSTN (myostatin/GDF8),Recycling/antigen-sweeping anti-myostatin monoclonal antibody,monoclonal antibody,,False,VERIFIED,False,
enobosarm,2,2,1,Lean-mass preservation,androgen receptor modulation,AR,Selective androgen receptor modulation to preserve/increase lean mass,small molecule,,False,VERIFIED,False,
erx1000,2,2,1,CNS/appetite,leptin sensitisation,leptin signalling pathway (direct molecular target undisclosed),Restores leptin sensitivity to reduce appetite and defend energy expenditure,small molecule,,False,VERIFIED,False,
garetosmab,2,2,1,Lean-mass preservation,activin A blockade,Activin A (INHBA),Neutralising anti-activin A antibody,monoclonal antibody,,False,VERIFIED,False,
hm15275,2,2,1,Incretin-based,GLP-1/GIP/glucagon,GLP1R; GIPR; GCGR,Triple GLP-1/GIP/glucagon receptor agonist,peptide,triple,True,VERIFIED,False,
hrs-5817,2,2,1,Undisclosed / insufficient public information,Undisclosed,,,,,,UNRESOLVED_PUBLIC_INFO,False,
ibi3032,2,2,1,Incretin-based,GLP-1,GLP1R,Selective cAMP-biased GLP-1 receptor agonist,small molecule,mono,True,VERIFIED,False,
ibi3042,2,2,1,Incretin-based,GLP-1,GLP1R,GLP-1 receptor agonist,small molecule,mono,True,VERIFIED,False,
mibavademab,2,2,1,Leptin pathway,leptin receptor,LEPR,Agonistic leptin-receptor monoclonal antibody,monoclonal antibody,mono,False,VERIFIED,False,
naltrexone,2,2,1,CNS/appetite,opioid,OPRM1,Opioid receptor antagonism,small molecule,,False,VERIFIED,False,
onabotulinumtoxinA,2,2,2,GI motility/appetite,cholinergic neuromuscular blockade,SNAP25 / acetylcholine-release machinery,"Botulinum toxin-mediated inhibition of acetylcholine release, used intragastrically to alter gastric motility/satiety",protein toxin biologic,,False,VERIFIED,False,
pemvidutide,2,2,1,Incretin-based,GLP-1/glucagon,GLP1R; GCGR,Dual GLP-1/glucagon receptor agonist,peptide,dual,True,VERIFIED,False,
pioglitazone,2,2,1,Metabolic/insulin sensitisation,PPAR-gamma,PPARG,PPAR-gamma agonist,small molecule,mono,False,VERIFIED,False,
semaglutide or tirzepatide,2,2,1,Incretin-based,GLP-1-based mixed class,GLP1R; optionally GIPR,Registry class label covering either semaglutide or tirzepatide,peptide / mixed class label,mixed,True,VERIFIED,False,
zalfermin,2,2,1,Metabolic/FGF21 pathway,FGF21,FGFR1c/FGFR3c + KLB,Long-acting FGF21-receptor agonist analogue,peptide/protein analogue,,False,VERIFIED,False,
ALN-2232,1,1,1,Adipose signalling/RNAi,ALK7/ACVR1C,ACVR1C (ALK7),RNA interference-mediated silencing of ACVR1C/ALK7,siRNA,,False,VERIFIED,False,
ALN-6222,1,1,1,Adipose signalling/RNAi,INHBE/activin E,INHBE,RNA interference-mediated silencing of hepatic INHBE/activin E,siRNA,,False,VERIFIED,False,
ALV-100,1,1,1,Incretin-based,GLP-1 agonism + GIP antagonism,GLP1R; GIPR,GLP-1 receptor agonist peptide fused to a GIP-receptor antagonist antibody,antibody-peptide fusion,,True,VERIFIED,False,
ALY688-SR,1,1,1,Adiponectin pathway,adiponectin receptor,ADIPOR1; ADIPOR2,Adiponectin-derived peptide agonising adiponectin-receptor signalling,peptidomimetic peptide,,False,VERIFIED,False,
AMG 171,1,1,1,CNS/appetite,GDF15/GFRAL,GDF15; GFRAL/RET pathway,Long-acting GDF15 agonism suppressing food intake via GFRAL/RET,GDF15-Fc fusion protein,mono,False,VERIFIED,False,
AMG 598,1,1,1,Undisclosed / insufficient public information,Undisclosed,,,,,,UNRESOLVED_PUBLIC_INFO,False,
AMG 786,1,1,1,Undisclosed / insufficient public information,Undisclosed,,,,,,UNRESOLVED_PUBLIC_INFO,False,
ARO-ALK7,1,1,1,Adipose signalling/RNAi,ALK7/ACVR1C,ACVR1C (ALK7),Adipocyte-targeted RNA interference reduces ALK7 expression,siRNA,,False,VERIFIED,False,
ARO-INHBE,1,1,1,Adipose signalling/RNAi,INHBE/activin E,INHBE,Hepatocyte-targeted RNA interference reduces INHBE/activin E,siRNA,,False,VERIFIED,False,
AT673,1,2,2,Incretin pathway modulation,GIP antagonism,GIPR,GIP receptor antagonism,peptide,mono,True,VERIFIED,False,
AZD1043,1,1,1,Undisclosed / insufficient public information,Undisclosed,,,,,,UNRESOLVED_PUBLIC_INFO,False,
BGE-102,1,1,1,Inflammation/metabolic,NLRP3 inflammasome,NLRP3,NLRP3 inflammasome inhibition,small molecule,,False,VERIFIED,False,
BI 1356225,1,1,1,CNS/appetite,ghrelin/GOAT,MBOAT4 (GOAT),Ghrelin-O-acyltransferase inhibition reduces formation of active acylated ghrelin,small molecule,,False,VERIFIED,False,
BI 3006337,1,1,1,Undisclosed / insufficient public information,Undisclosed,,,,,,UNRESOLVED_PUBLIC_INFO,False,
BIO101,1,1,1,Lean-mass preservation,MAS receptor / muscle preservation,MAS1,MAS-receptor activation supporting muscle anabolism and function during GLP-1-associated weight loss,small molecule,,False,VERIFIED,False,
BMF-650,1,1,1,Incretin-based,GLP-1,GLP1R,GLP-1 receptor agonist,small molecule,mono,True,VERIFIED,False,
BMS-963272,1,1,1,GI nutrient absorption/metabolism,MGAT2 inhibition,MOGAT2 (MGAT2),Monoacylglycerol acyltransferase-2 inhibition,small molecule,,False,VERIFIED,False,
CG-0416,1,1,1,Metabolic/energy expenditure,THR-beta,THRB,Liver-targeted thyroid hormone receptor-beta agonist,small molecule,mono,False,VERIFIED,False,
CK-0045,1,1,1,Cytokine/metabolic,IL-22 receptor,IL22RA1; IL10RB,Long-acting IL-22 receptor agonism,lipidated cytokine/peptide biologic,mono,False,VERIFIED,False,
CMS-D008,1,1,1,Adipose signalling/RNAi,INHBE/activin E,INHBE,"siRNA-mediated silencing of hepatic INHBE, lowering activin E and blocking activin E-ALK7 signalling",siRNA,,False,VERIFIED,False,
CRB-913,1,1,1,CNS/peripheral appetite-metabolic,CB1 inverse agonism,CNR1 (CB1),Highly peripherally restricted cannabinoid-1 receptor inverse agonism,small molecule,mono,False,VERIFIED,False,
CT-868,1,1,1,Incretin-based,GLP-1/GIP,GLP1R; GIPR,Fully biased dual GLP-1/GIP receptor agonism,peptide,dual,True,VERIFIED,False,
Cyclo-Z,1,1,1,Metabolic/insulin-leptin sensitisation,insulin/leptin sensitisation,direct molecular target not established,Cyclo(His-Pro) plus zinc formulation intended to improve insulin and leptin sensitivity,cyclic dipeptide + zinc combination,,False,VERIFIED,False,
DA-1726,1,1,1,Incretin-based,GLP-1/glucagon,GLP1R; GCGR,Dual GLP-1/glucagon receptor agonism,peptide,dual,True,VERIFIED,False,
DMXB-A,1,1,1,CNS/appetite,alpha7 nicotinic receptor,CHRNA7 (alpha7 nAChR),Partial agonism of alpha7 nicotinic acetylcholine receptors,small molecule,mono,False,VERIFIED,False,
DR10624,1,1,1,Incretin + metabolic/hepatokine,GLP-1/glucagon/FGF21,GLP1R; GCGR; FGF21 receptor pathway,"Balanced tri-agonism of GLP-1R, glucagon receptor and FGF21 receptor pathways",Fc-fusion protein,triple,True,VERIFIED,False,
ECC4703,1,1,1,Metabolic/energy expenditure,THR-beta,THRB,Liver-targeted thyroid hormone receptor-beta agonism,small molecule,mono,False,VERIFIED,False,
ENT-03,1,1,1,CNS/metabolic,PTP1B inhibition,PTPN1 (PTP1B),Centrally acting allosteric PTP1B inhibition affecting hypothalamic insulin/leptin signalling,aminosterol small molecule,,False,VERIFIED,False,
G3215,1,1,1,Incretin-based,GLP-1/glucagon,GLP1R; GCGR,Dual GLP-1/glucagon receptor agonism,peptide,dual,True,VERIFIED,False,
GLY-200,1,1,1,GI nutrient sensing/barrier,pharmacologic duodenal exclusion,proximal intestinal mucin barrier,Non-absorbed polymer binds/crosslinks proximal intestinal mucin to mimic duodenal exclusion physiology,oral non-absorbed polymeric drug,,False,VERIFIED,False,
GMA106,1,1,1,Incretin-based,GLP-1 agonism + GIP antagonism,GLP1R; GIPR,GLP-1 receptor agonism combined with GIP-receptor antagonism,antibody-peptide fusion,,True,VERIFIED,False,
GUB-UCN2,1,1,1,Lean-mass preservation,UCN2/CRHR2,CRHR2,Long-acting urocortin-2 analogue selectively activating CRHR2 to increase muscle mass and reduce fat mass,peptide,mono,False,VERIFIED,False,
GUB014295,1,1,1,Amylin-based,amylin/calcitonin,amylin receptors; CTR,Long-acting agonism of amylin and calcitonin receptors,peptide,multi,False,VERIFIED,False,
GZC8072,1,1,1,Incretin-based,GLP-1,GLP1R,Ultra-long-acting GLP-1 receptor agonism,oral peptide,mono,True,VERIFIED,False,
HEC88473,1,1,1,Incretin + metabolic/hepatokine,GLP-1/FGF21,GLP1R; FGFR1c/KLB pathway,Dual GLP-1 and FGF21 receptor-pathway agonism,Fc-fusion protein,dual,True,VERIFIED,False,
HM15136,1,1,1,Glucagon pathway,glucagon,GCGR,Long-acting glucagon receptor agonism,peptide,mono,False,VERIFIED,False,
HM17321,1,1,1,Lean-mass preservation,UCN2/CRFR2,CRHR2,Urocortin-2 analogue selectively activating CRFR2 to increase lean mass while reducing fat mass,peptide,mono,False,VERIFIED,False,
HS235,1,1,1,Lean-mass preservation,activin/GDF ligand trap,activin/GDF ligands in ActRII signalling,Selective ligand trapping of activins and GDFs controlling body composition,Fc-fusion ligand trap,,False,VERIFIED,False,
JY09,1,1,1,Incretin-based,GLP-1,GLP1R,Long-acting GLP-1 receptor agonism,Fc-fusion protein,mono,True,VERIFIED,False,
NNC0480-0389,1,1,1,Incretin-based,GIP,GIPR,Long-acting GIP receptor agonism,peptide,mono,True,VERIFIED,False,
RM-718,1,1,1,Melanocortin,MC4R,MC4R,Selective melanocortin-4 receptor agonist,cyclic peptide,mono,False,VERIFIED,False,
SA030,1,1,1,Adipose signalling/RNAi,ALK7/ACVR1C,ACVR1C (ALK7),Adipose-targeting siRNA-mediated silencing of ALK7,siRNA,,False,VERIFIED,False,
acarbose,1,1,1,GI nutrient absorption,alpha-glucosidase inhibition,intestinal alpha-glucosidases,Delays intestinal carbohydrate digestion and absorption,small molecule,,False,VERIFIED,False,
apitegromab,1,1,1,Lean-mass preservation,myostatin activation blockade,latent/promyostatin,Monoclonal antibody selectively inhibiting activation of myostatin,monoclonal antibody,,False,VERIFIED,False,
approved chronic weight-management medication class,1,1,1,Mixed/unspecified,mixed approved anti-obesity pharmacotherapy,,Pragmatic class label covering approved chronic weight-management drugs,mixed class,mixed,,VERIFIED,False,
atomoxetine,1,1,1,CNS/appetite,noradrenergic,NET (SLC6A2),Selective norepinephrine reuptake inhibition,small molecule,,False,VERIFIED,False,
azelaprag,1,1,1,Exercise-mimetic/metabolic,apelin receptor,APLNR (APJ),Apelin receptor agonist,small molecule,mono,False,VERIFIED,False,
bardoxolone methyl,1,1,1,Metabolic/oxidative stress,Nrf2 activation,KEAP1-NRF2 pathway,Electrophilic KEAP1 modulation leading to NRF2 pathway activation,small molecule,,False,VERIFIED,False,
bremelanotide,1,1,1,Melanocortin,MC4R,MC4R,Melanocortin-4 receptor agonist,peptide,mono,False,VERIFIED,False,
brenipatide,1,1,1,Incretin-based,GLP-1/GIP,GLP1R; GIPR,Dual GLP-1/GIP receptor agonist,large-molecule biologic,dual,True,VERIFIED,False,
bromocriptine,1,1,1,CNS/appetite,dopaminergic,DRD2,Dopamine D2 receptor agonism,small molecule,mono,False,VERIFIED,False,
caffeine + albuterol,1,1,1,Metabolic/energy expenditure,thermogenic/sympathomimetic combination,ADORA1/ADORA2A pathways; ADRB2,Caffeine plus beta2-adrenergic agonism to increase energy expenditure and improve body composition,small-molecule combination,combination,False,VERIFIED,False,
canagliflozin,1,1,1,Renal/glucose transport,SGLT2,SLC5A2 (SGLT2),SGLT2 inhibition increases urinary glucose excretion,small molecule,,False,VERIFIED,False,
diazoxide choline,1,1,1,CNS/appetite,KATP-channel activation,ATP-sensitive K+ channels (KATP),KATP-channel activation reduces hypothalamic orexigenic NPY/AgRP signalling and hyperphagia,small molecule,,False,VERIFIED,False,
disulfiram,1,1,1,Metabolic/lipid handling,lipid partitioning/autophagy,no single validated obesity target,Repurposed metabolic effect involving altered systemic lipid partitioning; earlier work also implicated autophagy,small molecule,,False,VERIFIED,False,
efocipegtrutide,1,1,1,Incretin-based,GLP-1/GIP/glucagon,GLP1R; GIPR; GCGR,Triple GLP-1/GIP/glucagon receptor agonism,Fc-fusion peptide/protein,triple,True,VERIFIED,False,
efpeglenatide,1,1,1,Incretin-based,GLP-1,GLP1R,Long-acting GLP-1 receptor agonism,peptide/Fc conjugate,mono,True,VERIFIED,False,
eloralintide + tirzepatide,1,1,1,Incretin + amylin,amylin + GLP-1/GIP combination,amylin receptors; GLP1R; GIPR,Combination of selective amylin-receptor agonism with dual GLP-1/GIP agonism,peptide combination,combination,True,VERIFIED,False,
entacapone,1,1,1,Metabolic/energy expenditure,FTO inhibition,FTO,FTO inhibition with downstream FOXO1 effects on hepatic gluconeogenesis and adipose thermogenesis,small molecule,,False,VERIFIED,False,
exenatide + dapagliflozin,1,1,1,Metabolic combination,GLP-1 + SGLT2,GLP1R; SLC5A2 (SGLT2),Combined GLP-1 receptor agonism and SGLT2 inhibition,peptide + small-molecule combination,combination,True,VERIFIED,False,
hcr-188,1,1,1,Undisclosed / insufficient public information,Undisclosed,,,,,,UNRESOLVED_PUBLIC_INFO,False,
hdm1702,1,1,1,Undisclosed / insufficient public information,Undisclosed,,,,,,UNRESOLVED_PUBLIC_INFO,False,
henagliflozin,1,1,1,Renal/glucose transport,SGLT2,SLC5A2 (SGLT2),SGLT2 inhibition increases urinary glucose excretion,small molecule,,False,VERIFIED,False,
hs-20136-2,1,1,1,Undisclosed / insufficient public information,Undisclosed,,,,,,UNRESOLVED_PUBLIC_INFO,False,
huc2-676,1,1,1,Unclassified long tail,Not individually reviewed,,,,,,UNCLASSIFIED_LONG_TAIL,False,
huc2-676-r,1,1,1,Unclassified long tail,Not individually reviewed,,,,,,UNCLASSIFIED_LONG_TAIL,False,
ibio-600,1,1,1,Unclassified long tail,Not individually reviewed,,,,,,UNCLASSIFIED_LONG_TAIL,False,
imm01-stem,1,1,1,Unclassified long tail,Not individually reviewed,,,,,,UNCLASSIFIED_LONG_TAIL,False,
immediate release topiramate,1,1,1,Unclassified long tail,Not individually reviewed,,,,,,UNCLASSIFIED_LONG_TAIL,False,
in-b00009,1,1,1,Unclassified long tail,Not individually reviewed,,,,,,UNCLASSIFIED_LONG_TAIL,False,
incretin-based therapy,1,1,1,Unclassified long tail,Not individually reviewed,,,,,,UNCLASSIFIED_LONG_TAIL,False,
insulin glargine,1,1,1,Unclassified long tail,Not individually reviewed,,,,,,UNCLASSIFIED_LONG_TAIL,False,
intragastric botulinum toxin type a,1,1,1,Unclassified long tail,Not individually reviewed,,,,,,UNCLASSIFIED_LONG_TAIL,False,
inv-202,1,1,1,Unclassified long tail,Not individually reviewed,,,,,,UNCLASSIFIED_LONG_TAIL,False,
inv-347,1,1,1,Unclassified long tail,Not individually reviewed,,,,,,UNCLASSIFIED_LONG_TAIL,False,
isis-fgfr4rx,1,1,1,Unclassified long tail,Not individually reviewed,,,,,,UNCLASSIFIED_LONG_TAIL,False,
ism8969,1,1,1,Unclassified long tail,Not individually reviewed,,,,,,UNCLASSIFIED_LONG_TAIL,False,
itraconazole,1,1,1,Unclassified long tail,Not individually reviewed,,,,,,UNCLASSIFIED_LONG_TAIL,False,
itraconazole + vct220,1,1,1,Unclassified long tail,Not individually reviewed,,,,,,UNCLASSIFIED_LONG_TAIL,False,
k-757,1,1,1,Unclassified long tail,Not individually reviewed,,,,,,UNCLASSIFIED_LONG_TAIL,False,
k-757 and k-833 bid,1,1,1,Unclassified long tail,Not individually reviewed,,,,,,UNCLASSIFIED_LONG_TAIL,False,
k-757 and k-833 qd,1,1,1,Unclassified long tail,Not individually reviewed,,,,,,UNCLASSIFIED_LONG_TAIL,False,
k-757 and open-label sitagliptin,1,1,1,Unclassified long tail,Not individually reviewed,,,,,,UNCLASSIFIED_LONG_TAIL,False,
k-757 bid,1,1,1,Unclassified long tail,Not individually reviewed,,,,,,UNCLASSIFIED_LONG_TAIL,False,
k-757 bid and k-833 bid,1,1,1,Unclassified long tail,Not individually reviewed,,,,,,UNCLASSIFIED_LONG_TAIL,False,
kbp-336,1,1,1,Unclassified long tail,Not individually reviewed,,,,,,UNCLASSIFIED_LONG_TAIL,False,
kds2010,1,1,1,Unclassified long tail,Not individually reviewed,,,,,,UNCLASSIFIED_LONG_TAIL,False,
kn069,1,1,1,Unclassified long tail,Not individually reviewed,,,,,,UNCLASSIFIED_LONG_TAIL,False,
lae102 administration,1,1,1,Unclassified long tail,Not individually reviewed,,,,,,UNCLASSIFIED_LONG_TAIL,False,
lae102 in combined with lae103,1,1,1,Unclassified long tail,Not individually reviewed,,,,,,UNCLASSIFIED_LONG_TAIL,False,
lae102 multiple administration,1,1,1,Unclassified long tail,Not individually reviewed,,,,,,UNCLASSIFIED_LONG_TAIL,False,
lae103,1,1,1,Unclassified long tail,Not individually reviewed,,,,,,UNCLASSIFIED_LONG_TAIL,False,
lb64640,1,1,1,Unclassified long tail,Not individually reviewed,,,,,,UNCLASSIFIED_LONG_TAIL,False,
leptin human,1,1,1,Unclassified long tail,Not individually reviewed,,,,,,UNCLASSIFIED_LONG_TAIL,False,
leu met sil,1,1,1,Unclassified long tail,Not individually reviewed,,,,,,UNCLASSIFIED_LONG_TAIL,False,
leu sil,1,1,1,Unclassified long tail,Not individually reviewed,,,,,,UNCLASSIFIED_LONG_TAIL,False,
levothyroxine,1,1,1,Unclassified long tail,Not individually reviewed,,,,,,UNCLASSIFIED_LONG_TAIL,False,
lifestyle management,1,1,1,Unclassified long tail,Not individually reviewed,,,,,,UNCLASSIFIED_LONG_TAIL,False,
liver-expressed antimicrobial peptide 2 leap2,1,1,1,Unclassified long tail,Not individually reviewed,,,,,,UNCLASSIFIED_LONG_TAIL,False,
llf580,1,1,1,Unclassified long tail,Not individually reviewed,,,,,,UNCLASSIFIED_LONG_TAIL,False,
lomaira,1,1,1,Unclassified long tail,Not individually reviewed,,,,,,UNCLASSIFIED_LONG_TAIL,False,
lorcaserin bid,1,1,1,Unclassified long tail,Not individually reviewed,,,,,,UNCLASSIFIED_LONG_TAIL,False,
lorcaserin hydrochloride,1,1,1,Unclassified long tail,Not individually reviewed,,,,,,UNCLASSIFIED_LONG_TAIL,False,
lorcaserin hydrochloride xr,1,1,1,Unclassified long tail,Not individually reviewed,,,,,,UNCLASSIFIED_LONG_TAIL,False,
ly3457263,1,1,1,Unclassified long tail,Not individually reviewed,,,,,,UNCLASSIFIED_LONG_TAIL,False,
ly3537031,1,1,1,Unclassified long tail,Not individually reviewed,,,,,,UNCLASSIFIED_LONG_TAIL,False,
ly3541105,1,1,1,Unclassified long tail,Not individually reviewed,,,,,,UNCLASSIFIED_LONG_TAIL,False,
ly3971297,1,1,1,Unclassified long tail,Not individually reviewed,,,,,,UNCLASSIFIED_LONG_TAIL,False,
ly3971297 iv,1,1,1,Unclassified long tail,Not individually reviewed,,,,,,UNCLASSIFIED_LONG_TAIL,False,
ly4064912,1,1,1,Unclassified long tail,Not individually reviewed,,,,,,UNCLASSIFIED_LONG_TAIL,False,
ly4086940,1,1,1,Unclassified long tail,Not individually reviewed,,,,,,UNCLASSIFIED_LONG_TAIL,False,
ly4167586,1,1,1,Unclassified long tail,Not individually reviewed,,,,,,UNCLASSIFIED_LONG_TAIL,False,
ly4174794,1,1,1,Unclassified long tail,Not individually reviewed,,,,,,UNCLASSIFIED_LONG_TAIL,False,
ly4329090,1,1,1,Unclassified long tail,Not individually reviewed,,,,,,UNCLASSIFIED_LONG_TAIL,False,
mad in the abdomen,1,1,1,Unclassified long tail,Not individually reviewed,,,,,,UNCLASSIFIED_LONG_TAIL,False,
mazdutide dual glp-1r/gcgr agonist,1,1,1,Unclassified long tail,Not individually reviewed,,,,,,UNCLASSIFIED_LONG_TAIL,False,
mbl949,1,1,1,Unclassified long tail,Not individually reviewed,,,,,,UNCLASSIFIED_LONG_TAIL,False,
mbx 4291,1,1,1,Unclassified long tail,Not individually reviewed,,,,,,UNCLASSIFIED_LONG_TAIL,False,
megestrol acetate,1,1,1,Unclassified long tail,Not individually reviewed,,,,,,UNCLASSIFIED_LONG_TAIL,False,
mesna,1,1,1,Unclassified long tail,Not individually reviewed,,,,,,UNCLASSIFIED_LONG_TAIL,False,
met233,1,1,1,Unclassified long tail,Not individually reviewed,,,,,,UNCLASSIFIED_LONG_TAIL,False,
met233 and met097,1,1,1,Unclassified long tail,Not individually reviewed,,,,,,UNCLASSIFIED_LONG_TAIL,False,
metformin bid,1,1,1,Unclassified long tail,Not individually reviewed,,,,,,UNCLASSIFIED_LONG_TAIL,False,
metformin extended release er,1,1,1,Unclassified long tail,Not individually reviewed,,,,,,UNCLASSIFIED_LONG_TAIL,False,
metformin hcl tab,1,1,1,Unclassified long tail,Not individually reviewed,,,,,,UNCLASSIFIED_LONG_TAIL,False,
metformin hydrochloride,1,1,1,Unclassified long tail,Not individually reviewed,,,,,,UNCLASSIFIED_LONG_TAIL,False,
metformin or topiramate,1,1,1,Mixed/unspecified,mixed established pharmacotherapy,AMPK-associated metabolic pathways; CNS/GABA-glutamate pathways,Registry label allows either metformin or topiramate,mixed small-molecule class label,mixed,False,VERIFIED,False,
metformin with semaglutide,1,1,1,Unclassified long tail,Not individually reviewed,,,,,,UNCLASSIFIED_LONG_TAIL,False,
metformin xr,1,1,1,Unclassified long tail,Not individually reviewed,,,,,,UNCLASSIFIED_LONG_TAIL,False,
metformin+sibutramine,1,1,1,Unclassified long tail,Not individually reviewed,,,,,,UNCLASSIFIED_LONG_TAIL,False,
metformin-glp-1 receptor agonist,1,1,1,Unclassified long tail,Not individually reviewed,,,,,,UNCLASSIFIED_LONG_TAIL,False,
mixed diabetes pharmacotherapy classes,1,1,1,Mixed/unspecified,mixed metabolic drug classes,AMPK-associated pathways; DPP4; SLC5A2,"Registry class label spanning biguanide, DPP-4 inhibitor and SGLT2 inhibitor treatments",mixed small-molecule class label,mixed,False,VERIFIED,False,
mkp10241,1,1,1,Unclassified long tail,Not individually reviewed,,,,,,UNCLASSIFIED_LONG_TAIL,False,
mod-6031,1,1,1,Unclassified long tail,Not individually reviewed,,,,,,UNCLASSIFIED_LONG_TAIL,False,
monlunabant,1,1,1,Unclassified long tail,Not individually reviewed,,,,,,UNCLASSIFIED_LONG_TAIL,False,
montelukast,1,1,1,Unclassified long tail,Not individually reviewed,,,,,,UNCLASSIFIED_LONG_TAIL,False,
mph,1,1,1,Unclassified long tail,Not individually reviewed,,,,,,UNCLASSIFIED_LONG_TAIL,False,
mwn105,1,1,1,Unclassified long tail,Not individually reviewed,,,,,,UNCLASSIFIED_LONG_TAIL,False,
mwn110,1,1,1,Unclassified long tail,Not individually reviewed,,,,,,UNCLASSIFIED_LONG_TAIL,False,
mysimba,1,1,1,Unclassified long tail,Not individually reviewed,,,,,,UNCLASSIFIED_LONG_TAIL,False,
na-931 + no tirzepatide,1,1,1,Unclassified long tail,Not individually reviewed,,,,,,UNCLASSIFIED_LONG_TAIL,False,
na-931 dose 1 daily and orally,1,1,1,Unclassified long tail,Not individually reviewed,,,,,,UNCLASSIFIED_LONG_TAIL,False,
na-931 dose 3 daily and orally,1,1,1,Unclassified long tail,Not individually reviewed,,,,,,UNCLASSIFIED_LONG_TAIL,False,
na-931 dose 4 daily and orally,1,1,1,Unclassified long tail,Not individually reviewed,,,,,,UNCLASSIFIED_LONG_TAIL,False,
na-931 dose2 daily and orally,1,1,1,Unclassified long tail,Not individually reviewed,,,,,,UNCLASSIFIED_LONG_TAIL,False,
nabilone,1,1,1,Unclassified long tail,Not individually reviewed,,,,,,UNCLASSIFIED_LONG_TAIL,False,
naltrexone + bupropion + metformin,1,1,1,Unclassified long tail,Not individually reviewed,,,,,,UNCLASSIFIED_LONG_TAIL,False,
nb on-going from acute treatment,1,1,1,Unclassified long tail,Not individually reviewed,,,,,,UNCLASSIFIED_LONG_TAIL,False,
ngm395,1,1,1,Unclassified long tail,Not individually reviewed,,,,,,UNCLASSIFIED_LONG_TAIL,False,
nimacimab,1,1,1,Unclassified long tail,Not individually reviewed,,,,,,UNCLASSIFIED_LONG_TAIL,False,
nnc0113-5840,1,1,1,Unclassified long tail,Not individually reviewed,,,,,,UNCLASSIFIED_LONG_TAIL,False,
nnc0165-1875,1,1,1,Unclassified long tail,Not individually reviewed,,,,,,UNCLASSIFIED_LONG_TAIL,False,
nnc0174 0833,1,1,1,Unclassified long tail,Not individually reviewed,,,,,,UNCLASSIFIED_LONG_TAIL,False,
nnc0174-1213 a,1,1,1,Unclassified long tail,Not individually reviewed,,,,,,UNCLASSIFIED_LONG_TAIL,False,
nnc0247-0829,1,1,1,Unclassified long tail,Not individually reviewed,,,,,,UNCLASSIFIED_LONG_TAIL,False,
nnc0480-0389,1,1,1,Unclassified long tail,Not individually reviewed,,,,,,UNCLASSIFIED_LONG_TAIL,False,
nnc0497-0040,1,1,1,Unclassified long tail,Not individually reviewed,,,,,,UNCLASSIFIED_LONG_TAIL,False,
nnc0519-0130 b,1,1,1,Unclassified long tail,Not individually reviewed,,,,,,UNCLASSIFIED_LONG_TAIL,False,
nnc0519-0130 c,1,1,1,Unclassified long tail,Not individually reviewed,,,,,,UNCLASSIFIED_LONG_TAIL,False,
nnc0638-0355,1,1,1,Unclassified long tail,Not individually reviewed,,,,,,UNCLASSIFIED_LONG_TAIL,False,
nnc0721-8060,1,1,1,Unclassified long tail,Not individually reviewed,,,,,,UNCLASSIFIED_LONG_TAIL,False,
nnc6022-0004,1,1,1,Unclassified long tail,Not individually reviewed,,,,,,UNCLASSIFIED_LONG_TAIL,False,
nnc6989-0001,1,1,1,Unclassified long tail,Not individually reviewed,,,,,,UNCLASSIFIED_LONG_TAIL,False,
nnc9204-1177 a,1,1,1,Unclassified long tail,Not individually reviewed,,,,,,UNCLASSIFIED_LONG_TAIL,False,
nnc9204-1706,1,1,1,Unclassified long tail,Not individually reviewed,,,,,,UNCLASSIFIED_LONG_TAIL,False,
nnc9204-1706 a,1,1,1,Unclassified long tail,Not individually reviewed,,,,,,UNCLASSIFIED_LONG_TAIL,False,
no-13065,1,1,1,Unclassified long tail,Not individually reviewed,,,,,,UNCLASSIFIED_LONG_TAIL,False,
ofirnoflast,1,1,1,Inflammation/metabolic,NEK7/NLRP3 inflammasome,NEK7,Allosteric NEK7 inhibition blocks NLRP3 inflammasome assembly and activation,small molecule,,False,VERIFIED,False,
ondansetron,1,1,1,Unclassified long tail,Not individually reviewed,,,,,,UNCLASSIFIED_LONG_TAIL,False,
oral cannabis,1,1,1,CNS/appetite,endocannabinoid,CNR1 (CB1); CNR2 (CB2),Mixed phytocannabinoid agonism/modulation of the endocannabinoid system,botanical cannabinoid drug mixture,mixed,False,VERIFIED,False,
orlistat cap,1,1,1,Unclassified long tail,Not individually reviewed,,,,,,UNCLASSIFIED_LONG_TAIL,False,
part c met097,1,1,1,Unclassified long tail,Not individually reviewed,,,,,,UNCLASSIFIED_LONG_TAIL,False,
perindopril,1,1,1,Unclassified long tail,Not individually reviewed,,,,,,UNCLASSIFIED_LONG_TAIL,False,
pf-06954522,1,1,1,Unclassified long tail,Not individually reviewed,,,,,,UNCLASSIFIED_LONG_TAIL,False,
pf-08642534,1,1,1,Unclassified long tail,Not individually reviewed,,,,,,UNCLASSIFIED_LONG_TAIL,False,
pg-102 mg12,1,1,1,Unclassified long tail,Not individually reviewed,,,,,,UNCLASSIFIED_LONG_TAIL,False,
php-303,1,1,1,Unclassified long tail,Not individually reviewed,,,,,,UNCLASSIFIED_LONG_TAIL,False,
pitavastatin,1,1,1,Unclassified long tail,Not individually reviewed,,,,,,UNCLASSIFIED_LONG_TAIL,False,
polyglucosamine glucomannan high dose verum,1,1,1,Unclassified long tail,Not individually reviewed,,,,,,UNCLASSIFIED_LONG_TAIL,False,
polyglucosamine glucomannan normal dose verum,1,1,1,Unclassified long tail,Not individually reviewed,,,,,,UNCLASSIFIED_LONG_TAIL,False,
pramlintide acetate,1,1,1,Unclassified long tail,Not individually reviewed,,,,,,UNCLASSIFIED_LONG_TAIL,False,
puerarin,1,1,1,Unclassified long tail,Not individually reviewed,,,,,,UNCLASSIFIED_LONG_TAIL,False,
regn20934,1,1,1,Unclassified long tail,Not individually reviewed,,,,,,UNCLASSIFIED_LONG_TAIL,False,
repaglinide,1,1,1,Unclassified long tail,Not individually reviewed,,,,,,UNCLASSIFIED_LONG_TAIL,False,
retatrutide ly3437943,1,1,1,Unclassified long tail,Not individually reviewed,,,,,,UNCLASSIFIED_LONG_TAIL,False,
rifampin + vct220,1,1,1,Unclassified long tail,Not individually reviewed,,,,,,UNCLASSIFIED_LONG_TAIL,False,
rn3161,1,1,1,Unclassified long tail,Not individually reviewed,,,,,,UNCLASSIFIED_LONG_TAIL,False,
roflumilast,1,1,1,Unclassified long tail,Not individually reviewed,,,,,,UNCLASSIFIED_LONG_TAIL,False,
rose-010,1,1,1,Unclassified long tail,Not individually reviewed,,,,,,UNCLASSIFIED_LONG_TAIL,False,
rosuvastatin calcium,1,1,1,Unclassified long tail,Not individually reviewed,,,,,,UNCLASSIFIED_LONG_TAIL,False,
rt-114 is the ranipill with pg-102 for the treatment of obesity,1,1,1,Unclassified long tail,Not individually reviewed,,,,,,UNCLASSIFIED_LONG_TAIL,False,
rzl-012,1,1,1,Unclassified long tail,Not individually reviewed,,,,,,UNCLASSIFIED_LONG_TAIL,False,
s -pindolol benzoate,1,1,1,Unclassified long tail,Not individually reviewed,,,,,,UNCLASSIFIED_LONG_TAIL,False,
s1b-509 high dose,1,1,1,Unclassified long tail,Not individually reviewed,,,,,,UNCLASSIFIED_LONG_TAIL,False,
s1b-509 low dose,1,1,1,Unclassified long tail,Not individually reviewed,,,,,,UNCLASSIFIED_LONG_TAIL,False,
s309309,1,1,1,Unclassified long tail,Not individually reviewed,,,,,,UNCLASSIFIED_LONG_TAIL,False,
sad in the abdomen,1,1,1,Unclassified long tail,Not individually reviewed,,,,,,UNCLASSIFIED_LONG_TAIL,False,
sar441255,1,1,1,Unclassified long tail,Not individually reviewed,,,,,,UNCLASSIFIED_LONG_TAIL,False,
scb0020160,1,1,1,Unclassified long tail,Not individually reviewed,,,,,,UNCLASSIFIED_LONG_TAIL,False,
semaglutide and behavioral program,1,1,1,Unclassified long tail,Not individually reviewed,,,,,,UNCLASSIFIED_LONG_TAIL,False,
semaglutide and nnc0165-1875,1,1,1,Unclassified long tail,Not individually reviewed,,,,,,UNCLASSIFIED_LONG_TAIL,False,
semaglutide in combination with a healthy lifestyle intervention diet and exercise,1,1,1,Unclassified long tail,Not individually reviewed,,,,,,UNCLASSIFIED_LONG_TAIL,False,
sgb-7342,1,1,1,Unclassified long tail,Not individually reviewed,,,,,,UNCLASSIFIED_LONG_TAIL,False,
shr-2906,1,1,1,Unclassified long tail,Not individually reviewed,,,,,,UNCLASSIFIED_LONG_TAIL,False,
shr20004,1,1,1,Unclassified long tail,Not individually reviewed,,,,,,UNCLASSIFIED_LONG_TAIL,False,
sibutramine + topiramate,1,1,1,Unclassified long tail,Not individually reviewed,,,,,,UNCLASSIFIED_LONG_TAIL,False,
simvastatin,1,1,1,Unclassified long tail,Not individually reviewed,,,,,,UNCLASSIFIED_LONG_TAIL,False,
single and mutiple dose,1,1,1,Unclassified long tail,Not individually reviewed,,,,,,UNCLASSIFIED_LONG_TAIL,False,
sleeve gastrectomy plus early mazdutide initiation,1,1,1,Unclassified long tail,Not individually reviewed,,,,,,UNCLASSIFIED_LONG_TAIL,False,
sodium bicarbonate,1,1,1,Unclassified long tail,Not individually reviewed,,,,,,UNCLASSIFIED_LONG_TAIL,False,
sodium pentaborate pentahydrate,1,1,1,Unclassified long tail,Not individually reviewed,,,,,,UNCLASSIFIED_LONG_TAIL,False,
srsd384,1,1,1,Unclassified long tail,Not individually reviewed,,,,,,UNCLASSIFIED_LONG_TAIL,False,
stp705,1,1,1,Unclassified long tail,Not individually reviewed,,,,,,UNCLASSIFIED_LONG_TAIL,False,
survodutide formulation a,1,1,1,Unclassified long tail,Not individually reviewed,,,,,,UNCLASSIFIED_LONG_TAIL,False,
survodutide formulation b2,1,1,1,Unclassified long tail,Not individually reviewed,,,,,,UNCLASSIFIED_LONG_TAIL,False,
syh2092,1,1,1,Unclassified long tail,Not individually reviewed,,,,,,UNCLASSIFIED_LONG_TAIL,False,
syh9017,1,1,1,Unclassified long tail,Not individually reviewed,,,,,,UNCLASSIFIED_LONG_TAIL,False,
synt101,1,1,1,Unclassified long tail,Not individually reviewed,,,,,,UNCLASSIFIED_LONG_TAIL,False,
tadalafil,1,1,1,Unclassified long tail,Not individually reviewed,,,,,,UNCLASSIFIED_LONG_TAIL,False,
taldefgrobep alfa,1,1,1,Unclassified long tail,Not individually reviewed,,,,,,UNCLASSIFIED_LONG_TAIL,False,
te-8105 mad cohort 1,1,1,1,Unclassified long tail,Not individually reviewed,,,,,,UNCLASSIFIED_LONG_TAIL,False,
te-8105 mad cohort 2,1,1,1,Unclassified long tail,Not individually reviewed,,,,,,UNCLASSIFIED_LONG_TAIL,False,
te-8105 sad cohort 1,1,1,1,Unclassified long tail,Not individually reviewed,,,,,,UNCLASSIFIED_LONG_TAIL,False,
te-8105 sad cohort 2,1,1,1,Unclassified long tail,Not individually reviewed,,,,,,UNCLASSIFIED_LONG_TAIL,False,
te-8105 sad cohort 3,1,1,1,Unclassified long tail,Not individually reviewed,,,,,,UNCLASSIFIED_LONG_TAIL,False,
te-8105 sad cohort 4,1,1,1,Unclassified long tail,Not individually reviewed,,,,,,UNCLASSIFIED_LONG_TAIL,False,
te-8105 sad cohort 5 adaptive cohort,1,1,1,Unclassified long tail,Not individually reviewed,,,,,,UNCLASSIFIED_LONG_TAIL,False,
tern-601,1,1,1,Unclassified long tail,Not individually reviewed,,,,,,UNCLASSIFIED_LONG_TAIL,False,
tesofensine/metoprolol,1,1,1,Unclassified long tail,Not individually reviewed,,,,,,UNCLASSIFIED_LONG_TAIL,False,
tesomet,1,1,1,Unclassified long tail,Not individually reviewed,,,,,,UNCLASSIFIED_LONG_TAIL,False,
tetrahydrocannabivarin,1,1,1,Unclassified long tail,Not individually reviewed,,,,,,UNCLASSIFIED_LONG_TAIL,False,
tirzapatide,1,1,1,Unclassified long tail,Not individually reviewed,,,,,,UNCLASSIFIED_LONG_TAIL,False,
tix100,1,1,1,Unclassified long tail,Not individually reviewed,,,,,,UNCLASSIFIED_LONG_TAIL,False,
tlc-6740,1,1,1,Unclassified long tail,Not individually reviewed,,,,,,UNCLASSIFIED_LONG_TAIL,False,
topiramate pill,1,1,1,Unclassified long tail,Not individually reviewed,,,,,,UNCLASSIFIED_LONG_TAIL,False,
tqf6422,1,1,1,Unclassified long tail,Not individually reviewed,,,,,,UNCLASSIFIED_LONG_TAIL,False,
trevogrumab-part a,1,1,1,Unclassified long tail,Not individually reviewed,,,,,,UNCLASSIFIED_LONG_TAIL,False,
trevogrumab-part b and part c,1,1,1,Unclassified long tail,Not individually reviewed,,,,,,UNCLASSIFIED_LONG_TAIL,False,
tulsi ocimum sanctum linn,1,1,1,Unclassified long tail,Not individually reviewed,,,,,,UNCLASSIFIED_LONG_TAIL,False,
unspecified anti-obesity pharmacotherapy,1,1,1,Mixed/unspecified,mixed anti-obesity class,,Generic registry label for an anti-obesity pharmacotherapy class rather than a single mechanism,mixed/unspecified,mixed,,VERIFIED,False,
unspecified antidepressant therapy,1,1,1,CNS/appetite,mixed antidepressant class,,Generic antidepressant-treatment class label; mechanism depends on the selected agent,mixed/unspecified,mixed,False,VERIFIED,False,
valsartan,1,1,1,Unclassified long tail,Not individually reviewed,,,,,,UNCLASSIFIED_LONG_TAIL,False,
varenicline,1,1,1,Unclassified long tail,Not individually reviewed,,,,,,UNCLASSIFIED_LONG_TAIL,False,
vi-0521,1,1,1,Unclassified long tail,Not individually reviewed,,,,,,UNCLASSIFIED_LONG_TAIL,False,
vildagliptin,1,1,1,Unclassified long tail,Not individually reviewed,,,,,,UNCLASSIFIED_LONG_TAIL,False,
vitamin d 1200 iu,1,1,1,Unclassified long tail,Not individually reviewed,,,,,,UNCLASSIFIED_LONG_TAIL,False,
vrb-103,1,1,1,Unclassified long tail,Not individually reviewed,,,,,,UNCLASSIFIED_LONG_TAIL,False,
vtx3232 dose a,1,1,1,Unclassified long tail,Not individually reviewed,,,,,,UNCLASSIFIED_LONG_TAIL,False,
vx-201,1,1,1,Unclassified long tail,Not individually reviewed,,,,,,UNCLASSIFIED_LONG_TAIL,False,
wst01 strain product,1,1,1,Unclassified long tail,Not individually reviewed,,,,,,UNCLASSIFIED_LONG_TAIL,False,
wve-007,1,1,1,Unclassified long tail,Not individually reviewed,,,,,,UNCLASSIFIED_LONG_TAIL,False,
xen-101,1,1,1,Unclassified long tail,Not individually reviewed,,,,,,UNCLASSIFIED_LONG_TAIL,False,
xla1,1,1,1,Unclassified long tail,Not individually reviewed,,,,,,UNCLASSIFIED_LONG_TAIL,False,
xtl6001,1,1,1,Unclassified long tail,Not individually reviewed,,,,,,UNCLASSIFIED_LONG_TAIL,False,
y14,1,1,1,Unclassified long tail,Not individually reviewed,,,,,,UNCLASSIFIED_LONG_TAIL,False,
zgn-1061,1,1,1,Unclassified long tail,Not individually reviewed,,,,,,UNCLASSIFIED_LONG_TAIL,False,
zp6590 for,1,1,1,Unclassified long tail,Not individually reviewed,,,,,,UNCLASSIFIED_LONG_TAIL,False,
